{
    "RMSE": 0.007539942342870083,
    "MAE": 0.0005750250430389794,
    "R2": 0.9829247868580306
}